Dataset	net mean S	net stdev S	net mean O	net stdev O
ChEBI	2716.589650	1409.030568	11.804904	13.275180
DBpedia	40.185210	68.138211	1.204209	0.373006
DrugBank	115.752234	140.515793	1.626161	1.184900
GeoNames	319304.175903	33057.455917	1.247959	0.563313
Jamendo	2265.056870	2362.224622	1.808886	0.696971
KEGG	413.548704	206.218660	14.669878	28.857198
LinkedMDB	1158.931291	785.122605	1.148525	0.237246
NYTimes	1794.051818	399.820757	3.127515	2.470304
SWDogFood	10.169958	11.583717	1.869945	0.929459
